codes,acronym,diagnoses
30,LAR,left atrial rhythm
31,NOPF,(no p-waves found)
32,BLKED,blocked
33,ACCEL,accelerated
34,JUNBRAD,junctional bradycardia
41,JBRAD,"unusual p axis and short pr, probable junctional bradycardia"
42,JR,"unusual p axis and short pr, probable junctional rhythm"
43,JTACH,"unusual p axis and short pr, probable junctional tachycardia"
61,EABRAD,"unusual p axis, possible ectopic atrial bradycardia"
62,EAR,"unusual p axis, possible ectopic atrial rhythm"
63,EATACH,"unusual p axis, possible ectopic atrial tachycardia"
64,EARO,ectopic atrial rhythm
100,PRINT,pr interval
101,FAV,with 1st degree av block
102,SPR,with short pr
103,MBZI,with 2nd degree av block (mobitz i)
104,MBZII,with 2nd degree av block (mobitz ii)
105,SAV,with 2nd degree av block
106,CHB,with complete heart block
107,VAVB,with variable av block
108,AVDIS,with av dissociation
111,SABII,with 2nd degree sa block (mobitz ii)
112,SABI,with 2nd degree sa block (mobitz i)
113,PAUSE,with sinus pause
141,W2T1,with 2:1 av conduction
142,W3T1,with 3:1 av conduction
143,W4T1,with 4:1 av conduction
144,W5T1,with 5:1 av conduction
161,AFIB,atrial fibrillation
162,FLUT,atrial flutter
163,CRS,coarse
164,ATAC,atrial tachycardia
171,RVR,with rapid ventricular response
172,SVR,with slow ventricular response
173,ABER2,with premature ventricular or aberrantly conducted complexes
174,CJP,with a competing junctional pacemaker
175,IRREG,with undetermined rhythm irregularity
176,IRR,irregular
177,$SWITH,with
178,$SOR,or
179,$SAND,and
181,ABER,with premature ventricular or aberrantly conducted complexes
183,APCX,atrial-paced complexes
184,VPCX,ventricular-paced complexes
185,AVPCX,av dual-paced complexes
186,ASVPCX,atrial-sensed ventricular-paced complexes
187,SCX,sinus complexes
188,SVCX,supraventricular complexes
189,INTRIN,intrinsic complexes
190,PROAV,with prolonged av conduction
211,OCC,with occasional
212,FREQ,with frequent
221,PSVC,premature supraventricular complexes
222,PAC,premature atrial complexes
223,PJC,premature junctional complexes
231,PVC,premature ventricular complexes
232,PVCF,premature ventricular and fusion complexes
233,CSEC,and consecutive
234,BIGEM,in a pattern of bigeminy
235,WQTACH,wide qrs tachycardia
236,NQTACH,narrow qrs tachycardia
237,$SWQR,wide qrs rhythm
238,$SIVR,idioventricular rhythm
241,PEC,premature ectopic complexes
242,JESC,with junctional escape complexes
243,VESC,with ventricular escape complexes
244,$SFUS,fusion complexes
245,$SRETC,with retrograde conduction
246,$SABCOND,aberrant conduction
247,$SCAPTUR,sinus/atrial capture
248,$SVTACH,ventricular tachycardia
249,$SVFIB,ventricular fibrillation
251,SAR,with sinus arrhythmia
252,MSAR,with marked sinus arrhythmia
265,PR-SBRAD,"probable sinus bradycardia, verify av conduction"
266,SUP-TACH,supraventricular tachycardia
267,JUNCT-R,junctional rhythm
268,IDIO-R,idioventricular rhythm with av block
269,VENT-RTH,ventricular rhythm
270,J-TACH,junctional tachycardia
271,SVT,supraventricular tachycardia
272,VTACH,ventricular tachycardia (ventricular or supraventricular with aberration)
273,AFL,atrial flutter
274,VENT-FUS,with ventricular fusion
275,J-ESC,with junctional escape
276,ESCBT,with escape beat
277,TVT,with transient ventricular tachycardia
278,WEKH,with mobitz i (wenckebach) block
279,PO-ATP,possible wandering atrial pacemaker
280,MULT-AT,multifocal atrial tachycardia
281,COMP-HB,complete heart block
282,AV-COND,suspect av conduction defect
283,AB-VENT,with intermittent aberrant ventricular conduction
284,SA-BLK,with sa block or transient av block
285,SAB,with sinus arrest or transient av block
287,LHR,"low heart rate, verify av conduction"
288,AFL-BL,atrial flutter with 2 to 1 block
289,BIVPCK,biventricular pacemaker detected
290,PCK,electronic ventricular pacemaker
291,DPCK,"demand pacemaker, interpretation is based on intrinsic rhythm"
292,APCK,electronic atrial pacemaker
293,AVPCK,av sequential or dual chamber electronic pacemaker
294,EDP,electronic demand pacing
295,APR,atrial-paced rhythm
296,VPR,ventricular-paced rhythm
297,ASVPR,atrial-sensed ventricular-paced rhythm
298,AVDPR,av dual-paced rhythm
299,UR,undetermined rhythm
300,WPWA,"ventricular pre-excitation, wpw pattern type a"
302,WPWB,"ventricular pre-excitation, wpw pattern type b"
303,ALTWPW,with fusion or intermittent ventricular pre- excitation (wpw)
304,WPW,wolff-parkinson-white
305,CWRT,"clockwise rotation of the heart, may invalidate criteria for ventricular hypertrophy"
306,CCWRT,"counter clockwise rotation of the heart, may invalidate criteria for ventricular hypertrophy"
307,DXTRO,dextrocardia
320,CUR-UND,"current undetermined rhythm precludes rhythm comparison, needs review"
321,PRV-UND,"previous ecg has undetermined rhythm, needs review"
322,VENT-RAT,vent. rate
323,RHY,rhythm
324,PRM-CON,the premature contractions
325,CONSEC,consecutive
326,WITH-DEM,with a demand pacemaker
327,BASIC,basic rhythm
350,RAE,right atrial enlargement
360,LAE,left atrial enlargement
369,BAE,biatrial enlargement
370,LAD,leftward axis
371,ALAD,abnormal left axis deviation
372,LAD3,left axis deviation
380,RAD,rightward axis
381,ARAD,abnormal right axis deviation
382,RSAD,abnormal right superior axis deviation
383,RAD4,right axis deviation
384,RAD5,right superior axis deviation
390,INDAX,indeterminate axis
391,NWA,northwest axis
395,AXIS,qrs axis
396,SHFT-LFT,shifted left
397,SHFT-RGT,shifted right
410,LOWV,low voltage qrs
411,PULD,pulmonary disease pattern
412,S1S2S3,"s1-s2-s3 pattern, consider pulmonary disease, rvh, or normal variant"
435,BRUG1,"brugada pattern, type 1"
436,BRUG2,"brugada pattern, type 2"
437,BRUG3,"brugada pattern, type 3"
440,RBBB,right bundle branch block
441,RVE+,", plus right ventricular hypertrophy"
442,RBBRVH,right bundle branch block -or- right ventricular hypertrophy
445,IRBBB,incomplete right bundle branch block
446,IRB-RVE,.
450,RSR,rsr' or qr pattern in v1 suggests right ventricular conduction delay
451,SRSRO,rsr' pattern in v1
460,LBBB,left bundle branch block
465,ILBBB,incomplete left bundle branch block
470,AFB,left anterior fascicular block
471,PFB,left posterior fascicular block
478,BIFB1,(rbbb and left anterior fascicular block)
479,BIFB2,(rbbb and left posterior fascicular block)
480,BIFB,*** bifascicular block ***
481,TRIFB,trifascicular block
482,IVCB,nonspecific intraventricular block
487,IVCD,nonspecific intraventricular conduction delay
520,RVH,right ventricular hypertrophy
521,RVH-2ST,right ventricular hypertrophy with repolarization abnormality
530,RAVL,r in avl
531,SOKOLYON,sokolow-lyon
532,CORNVOLT,cornell voltage
533,CORNPROD,cornell product
534,ROMESTES,romhilt-estes
540,LVH,voltage criteria for left ventricular hypertrophy
541,LVH2,left ventricular hypertrophy
542,QRSV,"minimal voltage criteria for lvh, may be normal variant"
543,QRSW,with qrs widening
544,2ST,with repolarization abnormality
545,QRSW-2ST,with qrs widening and repolarization abnormality
548,LVH3,"moderate voltage criteria for lvh, may be normal variant"
570,BIVH,biventricular hypertrophy
571,PMDPV,"prominent mid-precordial voltage,"
572,QV6,"deep q wave in lead v6,"
573,PPV,prominent posterior voltage
574,PLV,prominent lateral voltage
575,QIII,deep q in lead iii
700,SMI,septal infarct
701,SMI-LAE,.
740,AMI,anterior infarct
760,LMI,lateral infarct
780,IMI,inferior infarct
782,MAFB,(masked by fascicular block?)
795,RVI,with right ventricular involvement
800,PXT,", with posterior extension"
801,IPMI,inferior-posterior infarct
802,POSTMI,posterior infarct
803,QESPMI,"increased r/s ratio in v1, consider early transition or posterior infarct"
805,RV4R,"inferior injury pattern suggests right ventricular involvement, recommend adding leads v3r and v4r to confirm"
806,CRVI,consider right ventricular involvement in acute inferior infarct
810,ASMI,anteroseptal infarct
820,ALMI,anterolateral infarct
821,STEMI,** ** acute mi / stemi ** **
822,NSTEMI,** ** acute mi / non-stemi ** **
823,LBBBNEW,** ** consider acute mi if lbbb is new ** **
826,LBBBACS,** ** lbbb with primary st-t abnormality - consider acute coronary syndrome
827,LBBBAMI,(acs) ** ** ** ** lbbb with primary st elevation abnormality - probable acute mi ** **
828,AIS,** ** consider acute coronary syndrome (acs) ** **
829,ACUMI,** ** acute mi ** **
830,AC,", possibly acute"
831,AU,", age undetermined"
832,OLD,", old"
833,NEW,", new"
840,INC-MI,increased evidence of infarction in
841,DEC-MI,questionable change in initial forces of
842,QUE- INICHG,questionable change in initial forces of
843,CRI-FOR,criteria for
844,CITED,(cited on or before
845,MINI-CRIT,minimal criteria for
846,BORD-CRIT,borderline criteria for
880,MISIZ,*** qrs contour suggests infarct size is probably
881,VSMA,very small
882,SMA,small
883,MOD,moderate
884,LARG,large
885,VLAR,very large
900,NST,nonspecific st abnormality
901,PCARD,acute pericarditis
902,SERYR1,"st elevation, consider early repolarization, pericarditis, or injury"
903,SERYR2,"st elevation, probably due to early repolarization"
904,NSTE,nonspecific st elevation
920,SINJ,septal injury pattern
930,AINJ,anterior injury pattern
940,LINJ,lateral injury pattern
950,IINJ,inferior injury pattern
960,ASINJ,anteroseptal injury pattern
961,ALINJ,anterolateral injury pattern
962,ILINJ,inferolateral injury pattern
963,IIOHAI,"st elevation, consider inferior injury or acute infarct"
964,AIOHAI,"st elevation, consider anterior injury or acute infarct"
965,LIOHAI,"st elevation, consider lateral injury or acute infarct"
966,ALIHAI,"st elevation, consider anterolateral injury or acute infarct"
967,ILIHAI,"st elevation, consider inferolateral injury or acute infarct"
968,INJONV,"st elevation, consider injury or variant associated with lvh"
1000,REPOL,early repolarization
1001,JSTN,"junctional st depression, probably normal"
1002,JST,"junctional st depression, probably abnormal"
1020,STDIG,"st abnormality, possible digitalis effect"
1021,NST2,nonspecific st abnormality
1022,STDEP,"st depression, consider subendocardial injury or digitalis effect"
1023,NSTD,nonspecific st depression
1024,STDEP2,"st depression, consider subendocardial injury"
1040,SSBINJ,"marked st abnormality, possible septal subendocardial injury"
1050,ASBINJ,"marked st abnormality, possible anterior subendocardial injury"
1060,LSBINJ,"marked st abnormality, possible lateral subendocardial injury"
1070,ISBINJ,"marked st abnormality, possible inferior subendocardial injury"
1071,MSTDIL,"marked st abnormality, possible inferolateral subendocardial injury"
1080,MSTDAS,"marked st abnormality, possible anteroseptal subendocardial injury"
1081,MSTDAL,"marked st abnormality, possible anterolateral subendocardial injury"
1082,STDPIN,st depression in
1083,STELIN,st elevation in
1084,WSTR,with strain pattern
1100,ST&,st &
1104,ST-NOLDEP,st no longer depressed in
1105,ST-LESDEP,st less depressed in
1106,ST- MORDEP,st more depressed in
1107,ST- NOWDEP,st now depressed in
1108,ST-DEPREP,st depression has replaced st elevation in
1115,QUE- STCHG,questionable change in st segment
1116,ST-(INC),non-specific change in st segment in
1117,ST-(DEC),non-specific change in st segment in
1120,ST-MORELV,st more elevated in
1121,ST-LESELV,st less elevated in
1122,ST-ELVPRS,st elevation now present in
1123,ST-NOLELV,st no longer elevated in
1124,ST-ELVREP,st elevation has replaced st depression in
1138,STABAND,st abnormality and
1139,SNDQA,", may be secondary to qrs abnormality"
1140,NT,nonspecific t wave abnormality
1141,NSTT,nonspecific st and t wave abnormality
1142,QRST,"abnormal qrs-t angle, consider primary t wave abnormality"
1143,LNGQT,prolonged qt
1144,BOQTI,borderline qt interval
1145,ILT,"t wave abnormality, consider inferolateral ischemia"
1150,AT,"t wave abnormality, consider anterior ischemia"
1151,MAT,"marked t wave abnormality, consider anterior ischemia"
1160,LT,"t wave abnormality, consider lateral ischemia"
1161,MLT,"marked t wave abnormality, consider lateral ischemia"
1170,IT,"t wave abnormality, consider inferior ischemia"
1171,MIT,"marked t wave abnormality, consider inferior ischemia"
1172,MILT,"marked t wave abnormality, consider inferolateral ischemia"
1180,ALT,"t wave abnormality, consider anterolateral ischemia"
1181,MALT,"marked t wave abnormality, consider anterolateral ischemia"
1182,TINVIN,t wave inversion in
1200,T-WAVE,t waves
1201,T-INC,t wave amplitude has increased in
1203,T-DEC,t wave amplitude has decreased in
1207,LOWT-INVT,flat t waves have replaced inverted t waves in
1208,QUE-TCHG,questionable change in t waves
1210,LOWT-NOL,flat t waves no longer evident in
1211,LESS-FLTT,fewer leads exhibit flat t waves in
1212,LOWT-NOW,flat t waves now evident in
1213,MORE-FLTT,more leads exhibit flat t waves in
1214,NSTNL,nonspecific t wave abnormality no longer evident in
1215,NSTNW,nonspecific t wave abnormality now evident in
1216,NSTLS,"nonspecific t wave abnormality, improved in"
1217,NSTMR,"nonspecific t wave abnormality, worse in"
1218,NSTFT,nonspecific t wave abnormality has replaced inverted t waves in
1219,NSTNF,inverted t waves have replaced nonspecific t wave abnormality in
1220,T-INVNOW,t wave inversion now evident in
1221,T-INVMOR,t wave inversion more evident in
1222,INVT-LOWT,inverted t waves have replaced flat t waves in
1223,T-LESINV,t wave inversion less evident in
1224,T-INVNOL,t wave inversion no longer evident in
1250,QT-LONG,qt has lengthened
1251,QT-SHRT,qt has shortened
1252,RAT-DEC,although rate has decreased
1253,RAT-INC,although rate has increased
1254,WITH- RATINC,with rate increase
1255,WITH- RATDEC,with rate decrease
1300,NO-SERIAL,no previous ecgs available
1301,COMPAR,when compared with ecg of
1302,POOR-DAT,poor data quality in current ecg precludes serial comparison
1303,NO- SERCMP,"serial comparison not performed, all previous tracings are of poor data quality"
1304,DEMOGR,warning: demographic data different
1305,NO-CHG,no significant change was found
1306,SUNCNF,(unconfirmed)
1340,CRIT,*** critical test result:
1342,CVHIHR,high hr
1343,CVLOHR,low hr
1346,CVLQT,long qtc
1360,CVSTEMI,stemi
1361,CVACS,acs / ischemia
1362,CVAVB,av block
1363,CVARRHY,arrhythmia
1400,AND,and
1401,HOWEVER,however
1402,HWV-IT,however it
1403,LFREQ,less frequent
1404,MFREQ,more frequent
1405,NOLONG,is no longer
1406,NOW,is now
1407,HAS-CHG,has changed
1408,HAS- NOTCHG,has not changed
1409,ARE-NOW,are now
1410,PRESENT,present
1411,HAV- NOTCHG,have not changed
1412,HAV-CHG,have changed
1415,HAS-REP,has replaced
1416,HAS-INC,has increased
1417,HAS-DEC,has decreased
1418,ARE-NOL,are no longer
1419,QRS,qrs
1420,QRS-DUR,qrs duration
1421,QRS-VOL,qrs voltage
1422,QUE-CHG,questionable change in
1423,ACUT,acute
1424,EVO,serial changes of evolving
1425,SERCHG,serial changes of
1426,SNGCH,significant changes have occurred
1427,DTOFF,"manual comparison required, data off line and on volume"
1428,ANACP,manual comparison required for analog tracing
1430,NOPHONE,"manual comparison required, cannot contact main system"
1450,SEP,septal leads
1451,ANT,anterior leads
1452,LAT,lateral leads
1453,INF,inferior leads
1454,POS,posterior leads
1455,ANTSEP,anteroseptal leads
1456,ANTLAT,anterolateral leads
1457,INFPOS,inferoposterior leads
1458,IFLAT,inferolateral leads
1459,RECP,reciprocal
1460,ACSBCAUS,ecg interpretation of acs is based on presence of symptoms and
1462,CROACS,ecg not diagnostic for acute coronary syndrome; consider clinical findings
1500,POOR,poor data quality
1501,POWER,powerline interference
1502,BASELINE,baseline wander
1503,MUSCLE,muscle tremor
1504,ELECTR,electrode noise
1505,DISC,disconnected
1510,LEAD,in lead
1511,LEADS,in leads
1537,EL-NAP,nap
1538,EL-NST,nst
1539,EL-NAX,nax
1540,EL-RA,ra
1541,EL-LA,la
1542,EL-RL,rl
1543,EL-LL,ll
1544,LD-LIMB,limb lead
1545,EL-H,h
1546,EL-E,e
1547,EL-I,i
1548,EL-M,m
1550,LD-I,i
1551,LD-II,ii
1552,LD-V1,v1
1553,LD-V2,v2
1554,LD-V3,v3
1555,LD-V4,v4
1556,LD-V5,v5
1557,LD-V6,v6
1558,LD-V7,v7
1559,LD-V8,v8
1560,LD-V9,v9
1562,LD-V2R,v2r
1563,LD-V3R,v3r
1564,LD-V4R,v4r
1565,LD-V5R,v5r
1566,LD-V6R,v6r
1567,LD-V7R,v7r
1568,LD-V8R,v8r
1569,LD-V9R,v9r
1570,LD-A1,a1
1571,LD-A2,a2
1572,LD-A3,a3
1573,LD-A4,a4
1574,LD-III,iii
1575,LD-AVR,avr
1576,LD-AVL,avl
1577,LD-AVF,avf
1578,LD-MVR,mvr
1579,LD-D,d
1580,LD-A,a
1581,LD-J,j
1582,LD-X,x
1583,LD-Y,y
1584,LD-Z,z
1585,LD-MY,my
1586,LD-MZ,mz
1587,LD-CC5,cc5
1588,LD-CM5,cm5
1601,LD-R,r
1602,LD-L,l
1603,LD-N,n
1604,LD-F,f
1605,LD-C1,c1
1606,LD-C2,c2
1607,LD-C3,c3
1608,LD-C4,c4
1609,LD-C5,c5
1610,LD-C6,c6
1611,LD-C7,c7
1612,LD-C8,c8
1613,LD-C9,c9
1615,LD-C2R,c2r
1616,LD-C3R,c3r
1617,LD-C4R,c4r
1618,LD-C5R,c5r
1619,LD-C6R,c6r
1620,LD-C7R,c7r
1621,LD-C8R,c8r
1622,LD-C9R,c9r
1665,LPAREN,(
1666,RPAREN,)
1669,PMFAIL,*** suspect unspecified pacemaker failure
1670,PDIG,", probably digitalis effect"
1671,ODIG,or digitalis effect
1672,ARM,"*** suspect arm lead reversal, interpretation assumes no reversal"
1673,QCERR,"*** poor data quality, interpretation may be adversely affected"
1674,AHE,"acquisition hardware fault prevents reliable analysis, carefully check ecg record before interpreting"
1675,MRR,manual reading required due to inconsistent morphologies
1676,$SANLERR3,"** less than 4 qrs complexes detected, no interpretation possible **"
1677,$SANLERR1,"*** memory allocation failure, no ecg interpretation possible ***"
1678,$SANLERR2,"** no qrs complexes found, no ecg analysis possible **"
1679,NSTDLDS,"** nonstandard lead placement, ecg interpretation not available **"
1680,PO,possible
1682,CRO,cannot rule out
1683,COMMA,","
1684,NML,normal ecg
1687,ABR,otherwise normal ecg
1693,BORDE,borderline ecg
1694,BO,borderline
1699,AB,abnormal ecg
1,SNF,statement not found
2,PEDANL,** * pediatric ecg analysis * **
3,AGSPAMI,*** age and gender specific ecg analysis ***
4,$ACS,** acute cardiac syndrome criteria **
5,DICTATION,"report dictated, transcription pending"
6,$TWLVW,"leads v2, v3, v4, and v6 are interpolated"
8,$VLDFMT,waveform is valid only when viewed in 4x2.5 format with lead ii as the rhythm lead
9,$5SECLD1,only the first 5 seconds of lead i are valid
10,$RDBC1,reserved for database conversion
11,$RDBC2,reserved for database conversion
12,$RDBC3,reserved for database conversion
13,$SERREM,the system removed serial comparison statements because
14,$NOT12SL,this ecg was not analyzed with 12sl
15,$NOT12SL2,the 1st previous ecg was not analyzed with 12sl
16,$NOT12SL3,this patient has a test analyzed with the heart algorithm
19,SRTH,sinus rhythm
20,ARAT,(atrial rate=
21,SBRAD,sinus bradycardia
22,NSR,normal sinus rhythm
23,STACH,sinus tachycardia
24,MSBRAD,marked sinus bradycardia
25,RABRAD,low right atrial bradycardia
26,RATACH,low right atrial tachycardia
27,LABRAD,left atrial bradycardia
28,LATACH,left atrial tachycardia
29,RAR,low right atrial rhythm
1146,,QTcB >= 480 msec
710,,Poor R-wave progression
1595,,*** Suspect electrode reversal:
1592,,; interpretation assumes no reversal
713,,; consider anterior infarct
711,,; consider septal infarct
712,,; consider anteroseptal infarct
